MATY;Dynamat Xtreme 81,5 x 45,7; Audiocar; 99; wysyłka GRATIS;
MATY;DYNAMAT Xtreme; Audiocar; 299; wysyłka GRATIS;
MATY;DYNAMAT Xtreme; Audiocar; 899; wysyłka GRATIS;
GŁOŚNIKI;INFINITY REF-4032cf; Audiocar; 159; 14 zł; Konstrukcja:Dwudrożne
GŁOŚNIKI;INFINITY Kappa 65.9; Audiocar; 749; wysyłka GRATIS; Konstrukcja:Dwudrożne
GŁOŚNIKI;Mac AUDIO Revolution X 10.2; Audiocar; 115; 14 zł; Konstrukcja:Dwudrożne
GŁOŚNIKI;Mac AUDIO Rev X 13.2; Audiocar; 144; 14 zł; Konstrukcja:Dwudrożne
GŁOŚNIKI;Głośniki 16,5 cm; Audiocar; 219; 15 zł; Konstrukcja:Dwudrożne
GŁOŚNIKI;Mac AUDIO Rev X 16.2; Audiocar; 159; 14 zł; Konstrukcja:Dwudrożne
GŁOŚNIKI;INFINITY REF-9603ix; Audiocar; 499; wysyłka GRATIS; Konstrukcja:Trójdrożne
GŁOŚNIKI;Mac AUDIO Rev X 69.3; Audiocar; 215; 14 zł; Konstrukcja:Trójdrożne
GŁOŚNIKI;INFINITY REF-6500cx; Audiocar; 499; wysyłka GRATIS; Konstrukcja:Trójdrożne
GŁOŚNIKI;MAC AUDIO Rev X 2.13; Audiocar; 215; 14 zł; Konstrukcja:Dwudrożne
GŁOŚNIKI;Mac AUDIO Rev X 2.16; Audiocar; 229; 14 zł; Konstrukcja:Dwudrożne
GŁOŚNIKI;ALPINE SXE-0825s; Audiocar; 109; wysyłka GRATIS; Konstrukcja:Dwudrożne
GŁOŚNIKI;ALPINE SXE-1325s; Audiocar; 119; wysyłka GRATIS; Konstrukcja:Dwudrożne
GŁOŚNIKI;ALPINE SXE-1725s; Audiocar; 144; wysyłka GRATIS; Konstrukcja:Dwudrożne
GŁOŚNIKI;ALPINE SXE-6925s; Audiocar; 155; 15 zł; Konstrukcja:Dwudrożne
GŁOŚNIKI;ALPINE SXE-1750s; Audiocar; 177; wysyłka GRATIS; Konstrukcja:Dwudrożne
GŁOŚNIKI;ALPINE SBG 12Kit; Audiocar; 999; wysyłka GRATIS;
GŁOŚNIKI;JBL CS-4; Audiocar; 109; wysyłka GRATIS; Konstrukcja:Dwudrożne
GŁOŚNIKI;JBL CS-5c; Audiocar; 199; wysyłka GRATIS; Konstrukcja:Dwudrożne
GŁOŚNIKI;JBL CS-6c; Audiocar; 222; wysyłka GRATIS; Konstrukcja:Dwudrożne
GŁOŚNIKI;PIONEER TS-G172Ci; Audiocar; 179; 14 zł; Konstrukcja:Dwudrożne
GŁOŚNIKI;PIONEER TS-G1723i; Audiocar; 150; 14 zł; Konstrukcja:Trójdrożne
GŁOŚNIKI;PIONEER TS-1702i; Audiocar; 159; 14 zł; Konstrukcja:Dwudrożne
GŁOŚNIKI;PIONEER TS-W310S4; Audiocar; 289; 24 zł;
GŁOŚNIKI;PIONEER TS-W310D4; Audiocar; 299; 24 zł;
GŁOŚNIKI;INFINITY REF-1260; Audiocar; 249; 14 zł;
GŁOŚNIKI;JBL CS-1214; Audiocar; 189; 19 zł;
GŁOŚNIKI;JBL GT5-12; Audiocar; 199; 15 zł;
GŁOŚNIKI;JBL GTO-1214; Audiocar; 299; 21 zł;
GŁOŚNIKI;JBL CS-1204B; Audiocar; 369; 20 zł;
GŁOŚNIKI;JBL GT5-1204BR; Audiocar; 449; 19 zł;
GŁOŚNIKI;JBL GT5-1204BP; Audiocar; 569; wysyłka GRATIS;
GŁOŚNIKI;ALPINE SBG-12 Skrzynia + MONOBLOK Cyfrowy + KABLE; Audiocar; 999; wysyłka GRATIS;
GŁOŚNIKI;ALPINE SBG-1244BP; Audiocar; 479; 20 zł;
GŁOŚNIKI;ALPINE SBG-1244BR; Audiocar; 429; 16 zł;
GŁOŚNIKI;ALPINE SBE-1244BR; Audiocar; 379; 20 zł;
GŁOŚNIKI;ALPINE SWG-844; Audiocar; 279; wysyłka GRATIS;
GŁOŚNIKI;ALPINE SWG-1244; Audiocar; 349; wysyłka GRATIS;
GŁOŚNIKI;ALPINE SWS-1243; Audiocar; 349; wysyłka GRATIS;
GŁOŚNIKI;ALPINE SBG-844BR; Audiocar; 349; 19 zł;
GŁOŚNIKI;ALPINE SBE-1044BR; Audiocar; 333; 20 zł;
GŁOŚNIKI;BLAUPUNKT GTb-1200; Audiocar; 199; 26 zł;
GŁOŚNIKI;Zestaw basowy BlauPunkt / AudioMedia; Audiocar; 388; wysyłka GRATIS;
GŁOŚNIKI;BLAUPUNKT Bass Pack Tube; Audiocar; 399; 20 zł;
GŁOŚNIKI;ALPINE SPG-13c2; Audiocar; 169; 15 zł; Konstrukcja:Dwudrożne
GŁOŚNIKI;ALPINE SPG-17C2; Audiocar; 188; wysyłka GRATIS; Konstrukcja:Dwudrożne
GŁOŚNIKI;ALPINE SPG-13CS; Audiocar; 288; wysyłka GRATIS; Konstrukcja:Dwudrożne
GŁOŚNIKI;HERTZ DT 24.3 Wysokotonowe + ZWROTNICE; Audiocar; 111; wysyłka GRATIS;
GŁOŚNIKI;HERTZ DCX-100; Audiocar; 119; 14 zł; Konstrukcja:Dwudrożne
GŁOŚNIKI;HERTZ DCX-87.3; Audiocar; 129; 13 zł; Konstrukcja:Dwudrożne
GŁOŚNIKI;HERTZ DCX-130.3; Audiocar; 145; 14 zł; Konstrukcja:Dwudrożne
GŁOŚNIKI;HERTZ DCX-165.3; Audiocar; 159; 14 zł; Konstrukcja:Dwudrożne
GŁOŚNIKI;HERTZ DCX-170.3; Audiocar; 159; 14 zł; Konstrukcja:Dwudrożne
GŁOŚNIKI;HERTZ DCX-690.3; Audiocar; 215; 14 zł; Konstrukcja:Trójdrożne
GŁOŚNIKI;HERTZ DSK-165.3; Audiocar; 279; 8 zł; Konstrukcja:Dwudrożne
GŁOŚNIKI;HERTZ DSK-170.3; Audiocar; 259; 13 zł; Konstrukcja:Dwudrożne
GŁOŚNIKI;PIONEER TS-G1021i; Audiocar; 79; 13 zł;
GŁOŚNIKI;PIONEER TS-G1022i; Audiocar; 110; 13 zł; Konstrukcja:Dwudrożne
GŁOŚNIKI;PIONEER TS-G1321i; Audiocar; 95; wysyłka GRATIS;
GŁOŚNIKI;PIONEER TS-G1322i; Audiocar; 110; 13 zł; Konstrukcja:Dwudrożne
GŁOŚNIKI;PIONEER TS-G1323i; Audiocar; 135; 14 zł; Konstrukcja:Trójdrożne
GŁOŚNIKI;PIONEER TS-G1721i; Audiocar; 121; 14 zł;
GŁOŚNIKI;PIONEER TS-G1722i; Audiocar; 139; 14 zł; Konstrukcja:Dwudrożne
GŁOŚNIKI;PIONEER TS-G1723i; Audiocar; 150; 14 zł; Konstrukcja:Trójdrożne
GŁOŚNIKI;PIONEER TS-G132Ci; Audiocar; 166; wysyłka GRATIS; Konstrukcja:Dwudrożne
GŁOŚNIKI;JBL GTO-6528s; Audiocar; 179; 14 zł; Konstrukcja:Dwudrożne
GŁOŚNIKI;JBL GTO-6528; Audiocar; 199; wysyłka GRATIS; Konstrukcja:Dwudrożne
GŁOŚNIKI;JBL GTO-6508c; Audiocar; 329; 14 zł; Konstrukcja:Dwudrożne
GŁOŚNIKI;PIONEER TS-G172Ci; Audiocar; 179; 14 zł; Konstrukcja:Dwudrożne
GŁOŚNIKI;MOREL Maximo Coax 6; Audiocar; 299; wysyłka GRATIS; Konstrukcja:Dwudrożne
GŁOŚNIKI;MOREL MaXiMO COAX 6x9; Audiocar; 309; wysyłka GRATIS; Konstrukcja:Dwudrożne
GŁOŚNIKI;MOREL Maximo 5.2; Audiocar; 399; wysyłka GRATIS; Konstrukcja:Dwudrożne
GŁOŚNIKI;MOREL Maximo 6.2; Audiocar; 439; wysyłka GRATIS; Konstrukcja:Dwudrożne
GŁOŚNIKI;MOREL Tempo 6; Audiocar; 749; wysyłka GRATIS; Konstrukcja:Dwudrożne
GŁOŚNIKI;ALPINE SPG-13c2; Audiocar; 159; 15 zł; Konstrukcja:Dwudrożne
GŁOŚNIKI;ALPINE SPG-17C2; Audiocar; 188; wysyłka GRATIS; Konstrukcja:Dwudrożne
GŁOŚNIKI;ALPINE SPG-13CS; Audiocar; 288; wysyłka GRATIS; Konstrukcja:Dwudrożne
GŁOŚNIKI;ALPINE SPR-50; Audiocar; 399; 19 zł; Konstrukcja:Dwudrożne
GŁOŚNIKI;ALPINE SPR-17s; Audiocar; 888; 20 zł; Konstrukcja:Dwudrożne
GŁOŚNIKI;ALPINE SPX-17REF; Audiocar; 1; 20 zł; Konstrukcja:Dwudrożne
GŁOŚNIKI;BLAUPUNKT GTb-1200; Audiocar; 199; 26 zł;
GŁOŚNIKI;BLAUPUNKT GTb-8A; Audiocar; 349; wysyłka GRATIS;
GŁOŚNIKI;MAC AUDIO Mobil Street T 19; Audiocar; 64; 12 zł;
GŁOŚNIKI;MAC AUDIO Mobil Street 87.2; Audiocar; 79; 14 zł; Konstrukcja:Dwudrożne
GŁOŚNIKI;MAC AUDIO Mobil Street 10.2; Audiocar; 79; 14 zł; Konstrukcja:Dwudrożne
GŁOŚNIKI;MAC AUDIO Mobil Street 13.2; Audiocar; 89; 14 zł; Konstrukcja:Dwudrożne
GŁOŚNIKI;MAC AUDIO Mobil Street 16.2F; Audiocar; 109; 14 zł; Konstrukcja:Dwudrożne
GŁOŚNIKI;MAC AUDIO Mobil Street 16.2; Audiocar; 109; 14 zł; Konstrukcja:Dwudrożne
GŁOŚNIKI;MAC AUDIO Mobil Street 57.2; Audiocar; 119; 14 zł; Konstrukcja:Dwudrożne
GŁOŚNIKI;Mac Audio APM-2.16; Audiocar; 139; 14 zł; Konstrukcja:Dwudrożne
GŁOŚNIKI;MAGNAT Car Fit T-15; Audiocar; 55; 12 zł;
GŁOŚNIKI;MAGNAT Car Fit 102 Style; Audiocar; 70; 13 zł; Konstrukcja:Dwudrożne
GŁOŚNIKI;MAGNAT Car Fit 872; Audiocar; 75; 13 zł; Konstrukcja:Dwudrożne
GŁOŚNIKI;MAGNAT Car Fit 132 Style; Audiocar; 80; 13 zł; Konstrukcja:Dwudrożne
GŁOŚNIKI;MAGNAT Car Fit 162 Style; Audiocar; 95; 13 zł; Konstrukcja:Dwudrożne
GŁOŚNIKI;MAGNAT Car Fit 213 Style; Audiocar; 129; 13 zł; Konstrukcja:Dwudrożne
GŁOŚNIKI;MAGNAT Car Fit 216; Audiocar; 139; 14 zł; Konstrukcja:Dwudrożne
GŁOŚNIKI;MAGNAT Car Fit 9152 Style; Audiocar; 90; 13 zł; Konstrukcja:Dwudrożne
GŁOŚNIKI;Mac Audio APM FIRE 10.2 ; Audiocar; 77; 14 zł; Konstrukcja:Dwudrożne
GŁOŚNIKI;Mac Audio APM FIRE 69.3; Audiocar; 144; 14 zł; Konstrukcja:Trójdrożne
GŁOŚNIKI;Mac Audio APM FIRE 2.16; Audiocar; 159; 14 zł;
GŁOŚNIKI;DLS 124; Audiocar; 199; wysyłka GRATIS; Konstrukcja:Dwudrożne
GŁOŚNIKI;DLS 125; Audiocar; 229; wysyłka GRATIS; Konstrukcja:Dwudrożne
GŁOŚNIKI;DLS 1269; Audiocar; 269; 15 zł; Konstrukcja:Dwudrożne
GŁOŚNIKI;ALPINE SBG-12Kit; Audiocar; 999; wysyłka GRATIS;
GŁOŚNIKI;JBL GT6-6; Audiocar; 159; wysyłka GRATIS; Konstrukcja:Dwudrożne
GŁOŚNIKI;JBL GT6-5c; Audiocar; 222; wysyłka GRATIS; Konstrukcja:Dwudrożne
GŁOŚNIKI;JBL GT6-69; Audiocar; 199; wysyłka GRATIS; Konstrukcja:Trójdrożne
GŁOŚNIKI;JBL GTO-6528S; Audiocar; 179; wysyłka GRATIS; Konstrukcja:Dwudrożne
GŁOŚNIKI;JBL GTO-6528; Audiocar; 199; wysyłka GRATIS; Konstrukcja:Dwudrożne
GŁOŚNIKI;JBL GTO-6508c; Audiocar; 329; wysyłka GRATIS; Konstrukcja:Dwudrożne
GŁOŚNIKI;INFINITY REF-4032cf; Audiocar; 159; 14 zł; Konstrukcja:Dwudrożne
GŁOŚNIKI;INFINITY REF-6532i; Audiocar; 219; 15 zł; Konstrukcja:Dwudrożne
GŁOŚNIKI;INFINITY REF-6530cs; Audiocar; 369; 15 zł; Konstrukcja:Dwudrożne
GŁOŚNIKI;HELIX Blue B 52c; Audiocar; 239; wysyłka GRATIS; Konstrukcja:Dwudrożne
GŁOŚNIKI;HELIX BLUE B6N; Audiocar; 249; 15 zł; Konstrukcja:Dwudrożne
GŁOŚNIKI;FOCAL IS-165; Audiocar; 444; wysyłka GRATIS; Konstrukcja:Dwudrożne
GŁOŚNIKI;FOCAL PS-165; Audiocar; 555; wysyłka GRATIS; Konstrukcja:Dwudrożne
GŁOŚNIKI;HELIX ESPRIT E-4x; Audiocar; 199; wysyłka GRATIS; Konstrukcja:Dwudrożne
GŁOŚNIKI;HELIX E-69x; Audiocar; 299; wysyłka GRATIS; Konstrukcja:Trójdrożne
GŁOŚNIKI;HELIX ESPRIT E-52c; Audiocar; 499; wysyłka GRATIS; Konstrukcja:Dwudrożne
GŁOŚNIKI;HELIX E-62c; Audiocar; 529; wysyłka GRATIS; Konstrukcja:Dwudrożne
Panele LCD/TV; BLAUPUNKT LUCCA 3.3EE; Audiocar; 399; 19 zł; Przekątna ekranu (cale):3.50
Panele LCD/TV; BLAUPUNKT TravelPilot 100 iGO; Audiocar; 555; 19 zł; Przekątna ekranu (cale):3.50
Panele LCD/TV; HARMAN KARDON GPS-410 + GPS MAP AE09; Audiocar; 770; 19 zł; Przekątna ekranu (cale):4.00
Panele LCD/TV; HARMAN KARDON GPS-810; Audiocar; 1399; 19 zł; Przekątna ekranu (cale):4.30
Panele LCD/TV; PIONEER AVIC-F500; Audiocar; 1499; 19 zł; Przekątna ekranu (cale):6.00|Montaż:Do zabudowy w desce rozdzielczej,  Wolnostojący
Piloty i joysticki; PIONEER CD-R33 Pilot do Nowych DVD AV Pioneer; Audiocar; 99; wysyłka GRATIS;
Piloty i joysticki; PIONEER CD-R55; Audiocar; 119; wysyłka GRATIS;
Piloty i joysticki; PIONEER CA-IW201V; Audiocar; 129; wysyłka GRATIS;
Piloty i joysticki; PIONEER CA-IW51V; Audiocar; 129; wysyłka GRATIS;
Piloty i joysticki; PIONEER CAD-PI 150 Adaptor Pioneer; Audiocar; 399; 8 zł;
Piloty i joysticki; PIONEER CAR-PI 021 Sterowanie z kierownicy do BMW; Audiocar; 269; 8 zł;
Piloty i joysticki; PIONEER CAR-PI 061 Sterowanie z kierownicy do FORD; Audiocar; 219; 8 zł;
Piloty i joysticki; PIONEER CAR-PI 015 Sterowanie z kierownicy do AUDI; Audiocar; 349; 8 zł;
Piloty i joysticki; PIONEER CAR-PI 042 Sterowanie do DAEWOO Chevrolet; Audiocar; 219; 8 zł;
Piloty i joysticki; PIONEER CAR-PI 198; Audiocar; 219; 8 zł;
Radioodtwarzacze; JVC KW-AV70BT; Audiocar; 1666; wysyłka GRATIS; Przekątna ekranu (cale):7.00|Zdejmowany panel:Tak|Formaty audio:CD-Audio,  MP3,  WMA|Formaty video:DVD-Video,  DivX,  VCD|Rodzaje płyt :CD,  CD/RW,  DVD,  DVD/RW|Informacje dodatkowe:Obsługa USB,  Obsługa kart pamięci
Radioodtwarzacze; PIONEER DEH-1500UB; Audiocar; 277; wysyłka GRATIS; Obsługa USB:Tak|Pilot:Nie|Zdejmowany panel:Tak
Radioodtwarzacze; KENWOOD KDC-315 Amber Bursztyn; Audiocar; 249; 13 zł; Obsługa kart pamięci:Nie|Obsługa USB:Nie|Zdejmowany panel:Tak
Radioodtwarzacze; PIONEER DEH-1500UBB; Audiocar; 277; wysyłka GRATIS; Obsługa USB:Tak|Pilot:Nie|Zdejmowany panel:Tak
Radioodtwarzacze; KENWOOD KDC-U30R; Audiocar; 277; wysyłka GRATIS; Obsługa USB:Tak|Zdejmowany panel:Tak
Radioodtwarzacze; KENWOOD KDC-316UR; Audiocar; 299; wysyłka GRATIS; Obsługa USB:Tak|Pilot:Nie|Zdejmowany panel:Tak
Radioodtwarzacze; KENWOOD KDC-3054UG; Audiocar; 299; wysyłka GRATIS; Obsługa USB:Tak
Radioodtwarzacze; PIONEER DEH-1500UBG; Audiocar; 277; wysyłka GRATIS; Obsługa USB:Tak|Pilot:Nie|Zdejmowany panel:Tak
Radioodtwarzacze; KENWOOD KDC-3054UR; Audiocar; 299; wysyłka GRATIS; Obsługa USB:Tak|Zdejmowany panel:Tak
Radioodtwarzacze; PIONEER DEH-2400UB; Audiocar; 325; 14 zł; Obsługa kart pamięci:Nie|Obsługa USB:Tak|Zdejmowany panel:Tak
Radioodtwarzacze; KENWOOD KDC-BT92SD USB DSP RaTY; Audiocar; 899; 19 zł; Obsługa kart pamięci:Tak|Obsługa USB:Tak|Pilot:Tak|Zdejmowany panel:Tak
Radioodtwarzacze; PIONEER DEH-X3500Ui; Audiocar; 379; wysyłka GRATIS; Obsługa USB:Tak|Zdejmowany panel:Tak
Radioodtwarzacze; PIONEER DEH-x5500BT; Audiocar; 499; wysyłka GRATIS; Obsługa USB:Tak|Pilot:Nie|Zdejmowany panel:Tak
Radioodtwarzacze; PIONEER DEH-X7500SD; Audiocar; 577; wysyłka GRATIS; Obsługa kart pamięci:Tak|Obsługa USB:Tak|Zdejmowany panel:Tak
Radioodtwarzacze; PIONEER DEH-X9500SD; Audiocar; 777; wysyłka GRATIS; Obsługa kart pamięci:Tak|Obsługa USB:Tak|Zdejmowany panel:Tak
Radioodtwarzacze; PIONEER AVH-X5500BT; Audiocar; 1777; wysyłka GRATIS; Przekątna ekranu (cale):5.80|Zdejmowany panel:Nie|Formaty audio:CD-Audio,  MP3,  WMA|Formaty video:DVD-Video,  DivX,  VCD|Rodzaje płyt :CD,  CD/RW,  DVD,  DVD/RW|Informacje dodatkowe:Obsługa USB
Radioodtwarzacze; PIONEER DEH-1500UBA; Audiocar; 277; wysyłka GRATIS; Obsługa kart pamięci:Nie|Obsługa USB:Tak|Zdejmowany panel:Tak
Radioodtwarzacze; PIONEER DVH-340UB; Audiocar; 729; 8 zł; Pilot:Tak|Zdejmowany panel:Tak|Formaty audio:CD-Audio,  MP3,  WMA|Formaty video:DVD-Video,  VCD|Rodzaje płyt :CD,  CD/RW,  DVD,  DVD/RW|Informacje dodatkowe:Obsługa USB
Radioodtwarzacze; PIONEER MVH-350BT; Audiocar; 379; wysyłka GRATIS; Obsługa USB:Tak|Zdejmowany panel:Tak
Radioodtwarzacze; PIONEER DEH-X9500BT; Audiocar; 888; wysyłka GRATIS; Obsługa kart pamięci:Tak|Obsługa USB:Tak|Zdejmowany panel:Tak
Radioodtwarzacze; JVC KW-AV70; Audiocar; 1666; wysyłka GRATIS; Przekątna ekranu (cale):7.00|Zdejmowany panel:Tak|Formaty audio:CD-Audio,  MP3,  WMA|Formaty video:DVD-Video,  DivX,  VCD|Rodzaje płyt :CD,  CD/RW,  DVD,  DVD/RW|Informacje dodatkowe:Obsługa USB,  Obsługa kart pamięci
Radioodtwarzacze; JVC KD-R90BT; Audiocar; 799; 19 zł; Obsługa USB:Tak|Pilot:Tak|Zdejmowany panel:Tak
Radioodtwarzacze; JVC KD-SD80BT; Audiocar; 649; 19 zł; Obsługa kart pamięci:Tak|Obsługa USB:Tak|Pilot:Tak|Zdejmowany panel:Tak
Radioodtwarzacze; JVC KD-SD631E; Audiocar; 419; wysyłka GRATIS; Obsługa kart pamięci:Tak|Obsługa USB:Tak|Pilot:Tak|Zdejmowany panel:Tak
Radioodtwarzacze; JVC KD-R541E; Audiocar; 333; 14 zł; Obsługa USB:Tak|Zdejmowany panel:Tak
Radioodtwarzacze; JVC KD-R441E; Audiocar; 288; wysyłka GRATIS; Obsługa USB:Tak|Zdejmowany panel:Tak
Radioodtwarzacze; JVC KD-R442E; Audiocar; 288; wysyłka GRATIS; Obsługa USB:Tak|Zdejmowany panel:Tak
Radioodtwarzacze; JVC KD-R443E; Audiocar; 288; wysyłka GRATIS; Obsługa USB:Tak|Zdejmowany panel:Tak
Radioodtwarzacze; JVC KD-R331; Audiocar; 229; 14 zł; Zdejmowany panel:Tak
Radioodtwarzacze; jVC KD-R431E; Audiocar; 279; wysyłka GRATIS; Obsługa USB:Tak|Zdejmowany panel:Tak
Radioodtwarzacze; BLAUPUNKT CUPERTINO 220; Audiocar; 349; 14 zł; Obsługa USB:Tak|Zdejmowany panel:Tak
Radioodtwarzacze; BLAUPUNKT LONDON 120; Audiocar; 333; 15 zł; Obsługa kart pamięci:Nie|Obsługa USB:Tak|Pilot:Tak|Zdejmowany panel:Tak
Radioodtwarzacze; PIONEER DEH-1500UBA; Audiocar; 277; wysyłka GRATIS; Obsługa kart pamięci:Nie|Obsługa USB:Tak|Zdejmowany panel:Tak
Radioodtwarzacze; PIONEER DEH-1500UB; Audiocar; 277; wysyłka GRATIS; Obsługa kart pamięci:Nie|Obsługa USB:Tak|Zdejmowany panel:Tak
Radioodtwarzacze; PIONEER DEH-1500UBG; Audiocar; 277; wysyłka GRATIS; Obsługa kart pamięci:Nie|Obsługa USB:Tak|Zdejmowany panel:Tak
Radioodtwarzacze; PIONEER DEH-1500UBB; Audiocar; 277; wysyłka GRATIS; Obsługa kart pamięci:Nie|Obsługa USB:Tak|Zdejmowany panel:Tak
Radioodtwarzacze; PIONEER DEH-1400UBB; Audiocar; 269; 14 zł; Obsługa USB:Tak|Zdejmowany panel:Tak
Radioodtwarzacze; PIONEER DEH-X3500Ui; Audiocar; 379; wysyłka GRATIS; Obsługa kart pamięci:Nie|Obsługa USB:Tak|Zdejmowany panel:Tak
Radioodtwarzacze; PIONEER DEH-X5500BT; Audiocar; 499; 15 zł; Obsługa kart pamięci:Nie|Obsługa USB:Tak|Zdejmowany panel:Tak
Radioodtwarzacze; PIONEER DEH-X7500SD; Audiocar; 577; wysyłka GRATIS; Obsługa kart pamięci:Tak|Obsługa USB:Tak|Zdejmowany panel:Tak
Radioodtwarzacze; PIONEER DEH-X8500BT; Audiocar; 699; wysyłka GRATIS; Obsługa kart pamięci:Tak|Obsługa USB:Tak|Zdejmowany panel:Tak
Radioodtwarzacze; PIONEER DEH-X9500SD; Audiocar; 777; wysyłka GRATIS; Obsługa kart pamięci:Tak|Obsługa USB:Tak|Zdejmowany panel:Tak
Radioodtwarzacze; PIONEER DEH-8400BT; Audiocar; 799; wysyłka GRATIS; Obsługa kart pamięci:Tak|Obsługa USB:Tak|Zdejmowany panel:Tak
Radioodtwarzacze; PIONEER DEH-X9500BT; Audiocar; 888; wysyłka GRATIS; Obsługa kart pamięci:Tak|Obsługa USB:Tak|Zdejmowany panel:Tak
Radioodtwarzacze; PIONEER MVH-350BT; Audiocar; 379; wysyłka GRATIS; Obsługa USB:Tak|Zdejmowany panel:Tak
Radioodtwarzacze; PIONEER AVH-X1500DVD; Audiocar; 1149; 20 zł; Przekątna ekranu (cale):5.80|Zdejmowany panel:Nie|Formaty audio:CD-Audio,  MP3,  WMA|Formaty video:DVD-Video,  DivX,  VCD|Rodzaje płyt :CD,  CD/RW,  DVD,  DVD/RW|Informacje dodatkowe:Obsługa USB
Radioodtwarzacze; PIONEER AVH-X5500BT; Audiocar; 1777; wysyłka GRATIS; Przekątna ekranu (cale):5.80|Zdejmowany panel:Nie|Formaty audio:CD-Audio,  MP3,  WMA|Formaty video:DVD-Video,  DivX,  VCD|Rodzaje płyt :CD,  CD/RW,  DVD,  DVD/RW|Informacje dodatkowe:Obsługa USB
Radioodtwarzacze; PIONEER AVIC-F40BT; Audiocar; 4999; wysyłka GRATIS; Przekątna ekranu (cale):7.00|Formaty audio:CD-Audio,  MP3,  WMA|Formaty video:DVD-Video,  DivX,  VCD|Rodzaje płyt :CD,  CD/RW,  DVD,  DVD/RW|Informacje dodatkowe:Obsługa USB
Radioodtwarzacze; PIONEER DEH-80PRS; Audiocar; 1299; 20 zł; Obsługa kart pamięci:Tak|Obsługa USB:Tak|Pilot:Tak|Zdejmowany panel:Tak
Radioodtwarzacze; ALPINE IDA-X311; Audiocar; 555; 15 zł; Obsługa USB:Tak|Zdejmowany panel:Tak
Radioodtwarzacze; ALPINE IDA-X305s; Audiocar; 1199; wysyłka GRATIS; Obsługa USB:Tak|Zdejmowany panel:Tak
Radioodtwarzacze; ALPINE IVE-W530BT; Audiocar; 1999; wysyłka GRATIS; Przekątna ekranu (cale):6.00|Zdejmowany panel:Nie|Formaty audio:CD-Audio,  MP3,  WMA|Formaty video:DVD-Video,  DivX,  VCD|Rodzaje płyt :CD,  CD/RW,  DVD,  DVD/RW|Informacje dodatkowe:Obsługa USB
Radioodtwarzacze; SONY CDX-GT26; Audiocar; 249; 14 zł; Obsługa kart pamięci:Nie|Obsługa USB:Nie|Zdejmowany panel:Tak
Radioodtwarzacze; SONY CDX-GT260MP; Audiocar; 249; 13 zł; Zdejmowany panel:Tak
Radioodtwarzacze; SONY CDX-GT264; Audiocar; 249; 13 zł; Zdejmowany panel:Tak
Radioodtwarzacze; SONY CDX-GT40U; Audiocar; 289; wysyłka GRATIS; Obsługa USB:Tak|Zdejmowany panel:Tak
Radioodtwarzacze; SONY CDX-GT44U; Audiocar; 289; wysyłka GRATIS; Obsługa USB:Tak|Zdejmowany panel:Tak
Radioodtwarzacze; SONY MEX-BT4000; Audiocar; 579; wysyłka GRATIS; Obsługa USB:Tak|Zdejmowany panel:Tak
Radioodtwarzacze; KENWOOD KDC-3051G; Audiocar; 244; 14 zł; Obsługa kart pamięci:Nie|Obsługa USB:Nie|Zdejmowany panel:Tak
Radioodtwarzacze; KENWOOD KDC-3051R; Audiocar; 244; 14 zł; Zdejmowany panel:Tak
Radioodtwarzacze; KENWOOD KDC-315 Bursztyn; Audiocar; 244; 14 zł; Zdejmowany panel:Tak
Radioodtwarzacze; KENWOOD KDC-U30R; Audiocar; 277; wysyłka GRATIS; Obsługa USB:Tak|Zdejmowany panel:Nie
Radioodtwarzacze; KENWOOD KDC-3054UR; Audiocar; 269; wysyłka GRATIS; Obsługa USB:Tak|Pilot:Nie|Zdejmowany panel:Tak
Radioodtwarzacze; KENWOOD KDC-3054 zIELONY; Audiocar; 288; wysyłka GRATIS; Obsługa USB:Tak
Radioodtwarzacze; KENWOOD KDC-W6031; Audiocar; 599; 19 zł; Zdejmowany panel:Tak
Radioodtwarzacze; KENWOOD KDC-BT92SD; Audiocar; 899; wysyłka GRATIS; Pilot:Tak|Zdejmowany panel:Tak
Radioodtwarzacze; Pioneer DEH-1500UBG; Audiocar; 277; wysyłka GRATIS; Obsługa kart pamięci:Nie|Obsługa USB:Tak|Zdejmowany panel:Tak
Radioodtwarzacze; Pioneer DEH 1500UB; Audiocar; 277; wysyłka GRATIS; Obsługa kart pamięci:Nie|Obsługa USB:Tak|Zdejmowany panel:Tak
Radioodtwarzacze; Pioneer DEH1500UBA; Audiocar; 277; wysyłka GRATIS; Obsługa kart pamięci:Nie|Obsługa USB:Tak|Zdejmowany panel:Tak
Radioodtwarzacze; Pioneer DEH1500UBB; Audiocar; 277; wysyłka GRATIS; Obsługa kart pamięci:Nie|Obsługa USB:Tak|Zdejmowany panel:Tak
Radioodtwarzacze; Pioneer DEH-2500UB; Audiocar; 333; wysyłka GRATIS; Obsługa kart pamięci:Nie|Obsługa USB:Tak|Zdejmowany panel:Tak
Radioodtwarzacze; Pioneer DEH-X3500; Audiocar; 379; 14 zł; Obsługa USB:Tak|Zdejmowany panel:Tak
Radioodtwarzacze; PIONEER DEH-X5500BT; Audiocar; 499; 15 zł; Obsługa kart pamięci:Tak|Obsługa USB:Tak|Zdejmowany panel:Tak
Radioodtwarzacze; PIONEER DEH-8400; Audiocar; 799; wysyłka GRATIS; Obsługa kart pamięci:Tak|Obsługa USB:Tak|Zdejmowany panel:Tak
Radioodtwarzacze; PIONEER MVH-8300BT; Audiocar; 999; wysyłka GRATIS; Obsługa kart pamięci:Tak|Obsługa USB:Tak|Zdejmowany panel:Tak
Radioodtwarzacze; PIONEER DEH-80PRS; Audiocar; 1299; 20 zł; Obsługa kart pamięci:Tak|Obsługa USB:Tak|Pilot:Tak|Zdejmowany panel:Tak
Radioodtwarzacze; PIONEER AVH-1400DVD; Audiocar; 1099; wysyłka GRATIS; Przekątna ekranu (cale):5.80|Zdejmowany panel:Nie|Formaty audio:CD-Audio,  MP3,  WMA|Formaty video:DVD-Video,  DivX,  VCD|Rodzaje płyt :CD,  CD/RW,  DVD,  DVD/RW|Informacje dodatkowe:Obsługa USB
Radioodtwarzacze; PIONEER AVH-X1500DVD; Audiocar; 1149; 20 zł; Przekątna ekranu (cale):5.80|Zdejmowany panel:Nie|Formaty audio:CD-Audio,  MP3,  WMA|Formaty video:DVD-Video,  DivX,  VCD|Rodzaje płyt :CD,  CD/RW,  DVD,  DVD/RW|Informacje dodatkowe:Obsługa USB
Radioodtwarzacze; PIONEER AVH-X2500BT; Audiocar; 1349; wysyłka GRATIS; Przekątna ekranu (cale):5.80|Zdejmowany panel:Nie|Formaty audio:CD-Audio,  MP3,  WMA|Formaty video:DVD-Video,  DivX,  VCD|Rodzaje płyt :CD,  CD/RW,  DVD,  DVD/RW|Informacje dodatkowe:Obsługa USB
Radioodtwarzacze; PIONEER AVH-X5500BT; Audiocar; 1777; wysyłka GRATIS; Przekątna ekranu (cale):5.80|Zdejmowany panel:Nie|Formaty audio:CD-Audio,  MP3,  WMA|Formaty video:DVD-Video,  DivX,  VCD|Rodzaje płyt :CD,  CD/RW,  DVD,  DVD/RW|Informacje dodatkowe:Obsługa USB
Radioodtwarzacze; CLARION VZ-401e; Audiocar; 1455; wysyłka GRATIS; Pilot:Tak|Przekątna ekranu (cale):7.00|Zdejmowany panel:Nie|Formaty audio:CD-Audio,  MP3,  WMA|Formaty video:DVD-Video,  DivX,  VCD|Rodzaje płyt :CD,  CD/RW,  DVD,  DVD/RW|Informacje dodatkowe:Obsługa USB
Radioodtwarzacze; CLARION VX-401; Audiocar; 1459; wysyłka GRATIS; Pilot:Tak|Przekątna ekranu (cale):6.20|Zdejmowany panel:Nie|Formaty audio:CD-Audio,  MP3,  WMA|Formaty video:DVD-Video,  DivX,  VCD|Rodzaje płyt :CD,  CD/RW,  DVD,  DVD/RW|Informacje dodatkowe:Obsługa USB
Radioodtwarzacze; CLARION VRX-888; Audiocar; 2299; wysyłka GRATIS; Pilot:Tak|Przekątna ekranu (cale):7.00|Zdejmowany panel:Tak|Formaty audio:CD-Audio,  MP3,  WMA|Formaty video:DVD-Video,  DivX,  VCD|Rodzaje płyt :CD,  CD/RW,  DVD,  DVD/RW|Informacje dodatkowe:Obsługa USB
Radioodtwarzacze; CLARION VRX888RBT + AutoMapa EU LICENCJA; Audiocar; 3299; 19 zł; Pilot:Tak|Przekątna ekranu (cale):7.00|Zdejmowany panel:Tak|Formaty audio:CD-Audio,  MP3,  WMA|Formaty video:DVD-Video,  DivX,  VCD|Rodzaje płyt :CD,  CD/RW,  DVD,  DVD/RW|Informacje dodatkowe:Obsługa USB
Radioodtwarzacze; JVC KD-X30; Audiocar; 199; 14 zł; Obsługa USB:Tak|Zdejmowany panel:Nie
Radioodtwarzacze; JVC KD-R332; Audiocar; 224; 14 zł; Zdejmowany panel:Tak
Radioodtwarzacze; JVC KD-R741BT; Audiocar; 466; 14 zł; Obsługa USB:Tak|Zdejmowany panel:Tak
Radioodtwarzacze; JVC KD-SD80BTE; Audiocar; 649; 19 zł; Obsługa kart pamięci:Tak|Obsługa USB:Tak|Pilot:Tak|Zdejmowany panel:Tak
Radioodtwarzacze; PIONEER AVH-1400DVD; Audiocar; 1999; 20 zł; Przekątna ekranu (cale):5.80|Formaty audio:CD-Audio,  MP3,  WMA|Formaty video:DVD-Video,  DivX,  VCD|Rodzaje płyt :CD,  CD/RW,  DVD,  DVD/RW|Informacje dodatkowe:Obsługa USB
Radioodtwarzacze; PIONEER AVH-8400BT + oryginalna AUTO MAPA; Audiocar; 3299; wysyłka GRATIS; Przekątna ekranu (cale):7.00|Zdejmowany panel:Nie|Formaty audio:CD-Audio,  MP3,  WMA|Formaty video:DVD-Video,  DivX,  VCD|Rodzaje płyt :CD,  CD/RW,  DVD,  DVD/RW|Informacje dodatkowe:Obsługa USB,  Obsługa kart pamięci
Radioodtwarzacze; PIONEER AVIC-F310B; Audiocar; 1699; 19 zł; Przekątna ekranu (cale):3.50|Zdejmowany panel:Tak|Formaty audio:CD-Audio,  MP3,  WMA|Rodzaje płyt :CD,  CD/RW|Informacje dodatkowe:Obsługa USB
Radioodtwarzacze; PIONEER AVIC-HD3; Audiocar; 3899; 19 zł; Przekątna ekranu (cale):7.00|Zdejmowany panel:Nie|Formaty audio:CD-Audio,  MP3,  WMA|Formaty video:DVD-Video,  DivX,  VCD|Rodzaje płyt :CD,  CD/RW,  DVD,  DVD/RW
Radioodtwarzacze; PIONEER AVIC-F40BT; Audiocar; 4999; wysyłka GRATIS; Przekątna ekranu (cale):7.00|Zdejmowany panel:Nie|Formaty audio:CD-Audio,  MP3,  WMA|Formaty video:DVD-Video,  DivX,  VCD|Rodzaje płyt :CD,  CD/RW,  DVD,  DVD/RW|Informacje dodatkowe:Obsługa USB,  Obsługa kart pamięci
Radioodtwarzacze; PIONEER do AVIC-F900BT; Audiocar; 249; wysyłka GRATIS;
Radioodtwarzacze; AUDIOMEDIA NAV108 Auto Mapa; Audiocar; 799; wysyłka GRATIS;
Radioodtwarzacze; SONY CDX-GT26; Audiocar; 244; 14 zł; Obsługa kart pamięci:Nie|Obsługa USB:Nie|Zdejmowany panel:Tak
Radioodtwarzacze; SONY CDX-GT260MP; Audiocar; 239; 14 zł; Zdejmowany panel:Tak
Radioodtwarzacze; SONY CDX-GT264MP; Audiocar; 239; 14 zł; Zdejmowany panel:Tak
Radioodtwarzacze; SONY CDX-GT40U; Audiocar; 269; 14 zł; Obsługa USB:Tak|Zdejmowany panel:Tak
Radioodtwarzacze; SONY CDX-GT44U; Audiocar; 269; 14 zł; Obsługa USB:Tak|Zdejmowany panel:Tak
Radioodtwarzacze; SONY CDX-GT565UV; Audiocar; 419; wysyłka GRATIS; Obsługa USB:Tak|Zdejmowany panel:Tak
Radioodtwarzacze; SONY MEX-BT4000U; Audiocar; 569; 20 zł; Obsługa USB:Tak|Zdejmowany panel:Tak
Radioodtwarzacze; ALPINE CDE-120 RM; Audiocar; 313; wysyłka GRATIS; Obsługa USB:Tak|Zdejmowany panel:Tak
Radioodtwarzacze; ALPINE IDA-X311; Audiocar; 639; wysyłka GRATIS; Obsługa USB:Tak|Zdejmowany panel:Tak
Radioodtwarzacze; ALPINE CDE-134BT; Audiocar; 829; wysyłka GRATIS; Obsługa USB:Nie|Zdejmowany panel:Tak
Radioodtwarzacze; ALPINE IDA-X305; Audiocar; 1199; wysyłka GRATIS; Obsługa USB:Tak|Zdejmowany panel:Tak
Wzmacniacze; AUDIOMEDIA PR-600.4; Audiocar; 249; 15 zł; Ilość kanałów:4-kanałowy
Wzmacniacze; BLAUPUNKT EMA-255; Audiocar; 229; wysyłka GRATIS; Ilość kanałów:2-kanałowy
Wzmacniacze; INFINITY REF-475; Audiocar; 649; wysyłka GRATIS; Ilość kanałów:4-kanałowy
Wzmacniacze; INFINITY REF-1600A ; Audiocar; 999; wysyłka GRATIS; Ilość kanałów:1-kanałowy
Wzmacniacze; iNFiNiTY Kappa ONE ; Audiocar; 1399; wysyłka GRATIS; Ilość kanałów:1-kanałowy
Wzmacniacze; JBL GTO-504e; Audiocar; 449; 19 zł; Ilość kanałów:4-kanałowy
Wzmacniacze; JBL GTO-1004E; Audiocar; 799; wysyłka GRATIS; Ilość kanałów:2-kanałowy
Wzmacniacze; JBL GTO-504EZ; Audiocar; 749; wysyłka GRATIS; Ilość kanałów:4-kanałowy
Wzmacniacze; JBL GTO-501EZ; Audiocar; 899; 20 zł; Ilość kanałów:1-kanałowy
Wzmacniacze; JBL GTO-3EZ; Audiocar; 1099; 20 zł; Ilość kanałów:3-kanałowy
Wzmacniacze; BLAUPUNKT EMA-255; Audiocar; 229; wysyłka GRATIS; Ilość kanałów:2-kanałowy
Wzmacniacze; AUDIOMEDIA PR-300.2; Audiocar; 189; 14 zł; Ilość kanałów:2-kanałowy
Wzmacniacze; AUDIOMEDIA PR-600.4; Audiocar; 249; wysyłka GRATIS; Ilość kanałów:4-kanałowy
Wzmacniacze; AUDIOMEDIA PR-1000.4; Audiocar; 329; wysyłka GRATIS; Ilość kanałów:4-kanałowy
Wzmacniacze; AUDIOMEDIA EX-600.2; Audiocar; 299; wysyłka GRATIS; Ilość kanałów:2-kanałowy
Wzmacniacze; AUDIOMEDIA EX-700.4; Audiocar; 359; wysyłka GRATIS; Ilość kanałów:4-kanałowy
Wzmacniacze; AUDIOMEDIA EX-800.2; Audiocar; 359; wysyłka GRATIS; Ilość kanałów:2-kanałowy
Wzmacniacze; AUDIOMEDIA EX-1100.2; Audiocar; 419; wysyłka GRATIS; Ilość kanałów:2-kanałowy
Wzmacniacze; AUDIOMEDIA EX-1000.4; Audiocar; 439; wysyłka GRATIS; Ilość kanałów:4-kanałowy
Wzmacniacze; HELIX Dark Blue TWO DB 2; Audiocar; 419; 20 zł; Ilość kanałów:2-kanałowy
Wzmacniacze; HELIX B TWO; Audiocar; 439; wysyłka GRATIS; Ilość kanałów:2-kanałowy
Wzmacniacze; ALPINE PMX-F640; Audiocar; 499; wysyłka GRATIS; Ilość kanałów:3-kanałowy
Wzmacniacze; CLARION APX-1301; Audiocar; 499; 20 zł; Ilość kanałów:1-kanałowy
Wzmacniacze; DLS CA-12; Audiocar; 999; wysyłka GRATIS; Ilość kanałów:1-kanałowy
Wzmacniacze; MAGNAT Black Core TWO; Audiocar; 379; 14 zł; Ilość kanałów:2-kanałowy
Wzmacniacze; Mac Audio MPX-2500; Audiocar; 279; 14 zł; Ilość kanałów:2-kanałowy
Wzmacniacze; ALPINE PMX-T320; Audiocar; 399; wysyłka GRATIS; Ilość kanałów:1-kanałowy
Wzmacniacze; ALPINE MRX-M55; Audiocar; 899; wysyłka GRATIS; Ilość kanałów:1-kanałowy
Zmieniarki CD; ALPINE CHA-S634; Audiocar; 799; wysyłka GRATIS; Liczba płyt:6 - 10
Zmieniarki CD; ALPINE CHM-S630; Audiocar; 459; wysyłka GRATIS; Liczba płyt:6 - 10
Pozostałe; ALPINE KCE-435iV; Audiocar; 119; 5 zł;
Pozostałe; Blaupunkt Przewód AUX / iPod / SD 27 + zasilanie; Audiocar; 55; 8 zł;
Pozostałe; ALPINE TUE-252TX Tuner PAL analogowy + Anteny; Audiocar; 399; 13 zł;
Pozostałe; ALPINE KAE-116c; Audiocar; 99; 13 zł;
Pozostałe; ALPINE PXA-H100 + KTX-H100; Audiocar; 750; 19 zł;